{"NW/l+kCsEuDfcctj7QgNGw==":"akucintakemensos1-122x122.jpg","K3aVJumKITOIPijLQgAn2g==":"akucintakemensos-640x480.jpg","uLbG4gRceyet7L5rP4OvtA==":"3-1600x800.jpg","KsSHcq0o4YhmxB4j9WepBg==":"1-1-1280x640.jpg","2Xesf2CUqlxN2JCHgHZf/w==":"3-1024x512.jpg","ioSu/VOJG1EzH6zYZ/jZ/A==":"picture1-1086x1346.jpg","dCxQrc43Gq/9aAIy9zgfnQ==":"picture3-499x975.jpg","veWyrpsE+WSmux5Jg1syrg==":"picture4-484x999.jpg","HVCHBXfZeo+ELMnbk5CM5w==":"picture13-500x1000.jpg","7cSUXwNYRthhViB1b2k2Ow==":"picture5-494x961.jpg","eKeN3CaxBKVcVoCXcEf6yw==":"gambar2-484x999.jpg","H7TgySQEzDXNH1ZFFa2uOA==":"gambar4-484x999.jpg","R1b/z66Hk/aP9J15lLJsXw==":"gambar5-484x999.jpg","mQOWuFIr2dey9crsN1qTqQ==":"gambar4-484x999.jpeg","7NxTqOb9rMW/39W9IPL9Vw==":"gambar3-1-484x999.jpg","pMnP043oTAFa28kU5wq7nQ==":"gambar5-1-484x999.jpg","ejSVfhwYUVpWNmbhvWMYYA==":"02-400x581.jpg","QFzs5LWQJ2l2vRsAGCvJ0Q==":"foto%20andrihp%203x4-216x288.jpg","DxSMEcTn6PNVga+I0fII5w==":"sadasdsa-400x449.jpg","rA2Fz5ffb8V35X6JGrpp7w==":"58409032_1305374049610227_1841173005720354816_n-320x320.jpg","M213uKav7uu2YHaChN1gBg==":"balai-besar-rehabilitasi-vokasional-bina-daksa-660x400@2x-700x431.jpg","AWfOqb/yw+DAaMHptzqD+w==":"untitled-1376x796.png","57BV7o/MHFoCs0aqCDhjVw==":"whatsapp%20image%202019-08-13%20at%209.12.37%20am-1040x780.jpg","ColTs7SRh2VPk8wmN3lW9w==":"save_20190816-191726-2000x1500.jpg","y4i1JVZ/pXNmWkgT9ivfwQ==":"img20190813083514-2000x1500.jpg","9z5l5eEo9vjXQPfOZrFALQ==":"img20190813083741-2000x1500.jpg"}